-- --------------------------------------------------------
-- Host:                         127.0.0.1
-- Server version:               10.4.17-MariaDB - mariadb.org binary distribution
-- Server OS:                    Win64
-- HeidiSQL Version:             11.3.0.6295
-- --------------------------------------------------------

/*!40101 SET @OLD_CHARACTER_SET_CLIENT=@@CHARACTER_SET_CLIENT */;
/*!40101 SET NAMES utf8 */;
/*!50503 SET NAMES utf8mb4 */;
/*!40014 SET @OLD_FOREIGN_KEY_CHECKS=@@FOREIGN_KEY_CHECKS, FOREIGN_KEY_CHECKS=0 */;
/*!40101 SET @OLD_SQL_MODE=@@SQL_MODE, SQL_MODE='NO_AUTO_VALUE_ON_ZERO' */;
/*!40111 SET @OLD_SQL_NOTES=@@SQL_NOTES, SQL_NOTES=0 */;


-- Dumping database structure for blox
CREATE DATABASE IF NOT EXISTS `blox` /*!40100 DEFAULT CHARACTER SET utf8 */;
USE `blox`;

-- Dumping structure for table blox.accounts
CREATE TABLE IF NOT EXISTS `accounts` (
  `id` bigint(20) unsigned NOT NULL AUTO_INCREMENT,
  `username` varchar(255) COLLATE utf8mb4_unicode_ci NOT NULL,
  `email` varchar(255) COLLATE utf8mb4_unicode_ci NOT NULL,
  `storage_ctr` varchar(255) COLLATE utf8mb4_unicode_ci NOT NULL,
  `created_at` timestamp NULL DEFAULT NULL,
  `updated_at` timestamp NULL DEFAULT NULL,
  PRIMARY KEY (`id`)
) ENGINE=InnoDB AUTO_INCREMENT=8 DEFAULT CHARSET=utf8mb4 COLLATE=utf8mb4_unicode_ci;

-- Dumping data for table blox.accounts: ~7 rows (approximately)
/*!40000 ALTER TABLE `accounts` DISABLE KEYS */;
INSERT INTO `accounts` (`id`, `username`, `email`, `storage_ctr`, `created_at`, `updated_at`) VALUES
	(1, 'binawnaw2', 'zanecpreyes@gmail.com', '2', '2023-03-04 00:11:08', '2023-03-04 00:11:08'),
	(2, 'binawnaw3', 'emmangenshin1@gmail.com', '2', '2023-03-04 00:11:08', '2023-03-04 00:11:08'),
	(3, 'binawnaw4', 'emmanesguerra2013@gmail.com', '3', '2023-03-04 00:11:08', '2023-03-04 00:11:08'),
	(4, 'binawnaw5', '', '1', '2023-03-04 00:11:08', '2023-03-04 00:11:08'),
	(5, 'penice_1234', '', '1', '2023-03-04 00:11:08', '2023-03-04 00:11:08'),
	(6, 'jupgil', 'zanegamertray29@gmail.com', '1', '2023-03-04 00:11:09', '2023-03-04 00:11:09'),
	(7, 'Pegaming_123', '', '1', '2023-03-04 00:11:09', '2023-03-04 00:11:09');
/*!40000 ALTER TABLE `accounts` ENABLE KEYS */;

-- Dumping structure for table blox.fruits
CREATE TABLE IF NOT EXISTS `fruits` (
  `id` bigint(20) unsigned NOT NULL AUTO_INCREMENT,
  `name` varchar(255) COLLATE utf8mb4_unicode_ci NOT NULL,
  `type` varchar(255) COLLATE utf8mb4_unicode_ci NOT NULL,
  `beli` varchar(255) COLLATE utf8mb4_unicode_ci NOT NULL,
  `created_at` timestamp NULL DEFAULT NULL,
  `updated_at` timestamp NULL DEFAULT NULL,
  PRIMARY KEY (`id`)
) ENGINE=InnoDB AUTO_INCREMENT=36 DEFAULT CHARSET=utf8mb4 COLLATE=utf8mb4_unicode_ci;

-- Dumping data for table blox.fruits: ~35 rows (approximately)
/*!40000 ALTER TABLE `fruits` DISABLE KEYS */;
INSERT INTO `fruits` (`id`, `name`, `type`, `beli`, `created_at`, `updated_at`) VALUES
	(1, 'leopard', '5', '5000000', '2023-03-04 00:11:09', '2023-03-04 00:11:09'),
	(2, 'dragon', '5', '3500000', '2023-03-04 00:11:09', '2023-03-04 00:11:09'),
	(3, 'spirit', '5', '3400000', '2023-03-04 00:11:09', '2023-03-04 00:11:09'),
	(4, 'control', '5', '3200000', '2023-03-04 00:11:09', '2023-03-04 00:11:09'),
	(5, 'venom', '5', '3000000', '2023-03-04 00:11:09', '2023-03-04 00:11:09'),
	(6, 'shadow', '5', '2900000', '2023-03-04 00:11:09', '2023-03-04 00:11:09'),
	(7, 'dough', '5', '2800000', '2023-03-04 00:11:09', '2023-03-04 00:11:09'),
	(8, 'gravity', '5', '2500000', '2023-03-04 00:11:09', '2023-03-04 00:11:09'),
	(9, 'blizzard', '4', '2400000', '2023-03-04 00:11:09', '2023-03-04 00:11:09'),
	(10, 'paw', '4', '2300000', '2023-03-04 00:11:09', '2023-03-04 00:11:09'),
	(11, 'rumble', '4', '2100000', '2023-03-04 00:11:09', '2023-03-04 00:11:09'),
	(12, 'portal', '4', '1900000', '2023-03-04 00:11:09', '2023-03-04 00:11:09'),
	(13, 'pheonix', '4', '1800000', '2023-03-04 00:11:09', '2023-03-04 00:11:09'),
	(14, 'spider', '4', '1500000', '2023-03-04 00:11:09', '2023-03-04 00:11:09'),
	(15, 'love', '4', '1300000', '2023-03-04 00:11:09', '2023-03-04 00:11:09'),
	(16, 'buddha', '4', '1200000', '2023-03-04 00:11:09', '2023-03-04 00:11:09'),
	(17, 'quake', '4', '1000000', '2023-03-04 00:11:09', '2023-03-04 00:11:09'),
	(18, 'magma', '3', '850000', '2023-03-04 00:11:09', '2023-03-04 00:11:09'),
	(19, 'barrier', '3', '800000', '2023-03-04 00:11:09', '2023-03-04 00:11:09'),
	(20, 'rubber', '3', '750000', '2023-03-04 00:11:09', '2023-03-04 00:11:09'),
	(21, 'light', '3', '650000', '2023-03-04 00:11:09', '2023-03-04 00:11:09'),
	(22, 'diamond', '2', '600000', '2023-03-04 00:11:09', '2023-03-04 00:11:09'),
	(23, 'revive', '2', '550000', '2023-03-04 00:11:09', '2023-03-04 00:11:09'),
	(24, 'dark', '2', '500000', '2023-03-04 00:11:09', '2023-03-04 00:11:09'),
	(25, 'sand', '2', '420000', '2023-03-04 00:11:09', '2023-03-04 00:11:09'),
	(26, 'ice', '2', '350000', '2023-03-04 00:11:09', '2023-03-04 00:11:09'),
	(27, 'falcon', '2', '300000', '2023-03-04 00:11:09', '2023-03-04 00:11:09'),
	(28, 'flame', '2', '250000', '2023-03-04 00:11:09', '2023-03-04 00:11:09'),
	(29, 'spike', '1', '180000', '2023-03-04 00:11:09', '2023-03-04 00:11:09'),
	(30, 'smoke', '1', '100000', '2023-03-04 00:11:09', '2023-03-04 00:11:09'),
	(31, 'bomb', '1', '80000', '2023-03-04 00:11:09', '2023-03-04 00:11:09'),
	(32, 'spring', '1', '60000', '2023-03-04 00:11:09', '2023-03-04 00:11:09'),
	(33, 'chop', '1', '30000', '2023-03-04 00:11:09', '2023-03-04 00:11:09'),
	(34, 'spin', '1', '7500', '2023-03-04 00:11:09', '2023-03-04 00:11:09'),
	(35, 'kilo', '1', '5000', '2023-03-04 00:11:09', '2023-03-04 00:11:09');
/*!40000 ALTER TABLE `fruits` ENABLE KEYS */;

-- Dumping structure for table blox.inventories
CREATE TABLE IF NOT EXISTS `inventories` (
  `id` bigint(20) unsigned NOT NULL AUTO_INCREMENT,
  `account_id` int(10) unsigned NOT NULL,
  `fruit_id` int(10) unsigned NOT NULL,
  `quantity` int(10) unsigned NOT NULL,
  `created_at` timestamp NULL DEFAULT NULL,
  `updated_at` timestamp NULL DEFAULT NULL,
  PRIMARY KEY (`id`)
) ENGINE=InnoDB AUTO_INCREMENT=205 DEFAULT CHARSET=utf8mb4 COLLATE=utf8mb4_unicode_ci;

-- Dumping data for table blox.inventories: ~194 rows (approximately)
/*!40000 ALTER TABLE `inventories` DISABLE KEYS */;
INSERT INTO `inventories` (`id`, `account_id`, `fruit_id`, `quantity`, `created_at`, `updated_at`) VALUES
	(5, 1, 1, 0, '2023-03-04 01:16:41', '2023-03-04 11:26:24'),
	(6, 2, 35, 2, '2023-03-04 02:04:51', '2023-03-04 02:04:52'),
	(7, 2, 34, 2, '2023-03-04 02:04:52', '2023-03-04 02:04:53'),
	(8, 2, 33, 2, '2023-03-04 02:04:53', '2023-03-04 02:04:54'),
	(9, 2, 32, 2, '2023-03-04 02:04:54', '2023-03-04 02:04:54'),
	(10, 2, 31, 2, '2023-03-04 02:04:55', '2023-03-04 02:04:55'),
	(11, 2, 30, 2, '2023-03-04 02:04:56', '2023-03-04 02:04:56'),
	(12, 2, 29, 2, '2023-03-04 02:04:57', '2023-03-04 02:04:58'),
	(13, 2, 28, 2, '2023-03-04 02:05:22', '2023-03-04 08:52:44'),
	(14, 2, 27, 2, '2023-03-04 02:05:24', '2023-03-04 02:05:24'),
	(15, 2, 26, 2, '2023-03-04 02:05:25', '2023-03-04 02:05:25'),
	(16, 2, 25, 2, '2023-03-04 02:05:26', '2023-03-04 08:52:45'),
	(17, 2, 24, 2, '2023-03-04 02:05:27', '2023-03-04 02:05:27'),
	(18, 2, 23, 2, '2023-03-04 02:05:28', '2023-03-04 02:05:28'),
	(19, 2, 22, 2, '2023-03-04 02:05:29', '2023-03-04 02:05:29'),
	(20, 2, 21, 2, '2023-03-04 02:05:41', '2023-03-10 03:44:52'),
	(21, 2, 20, 2, '2023-03-04 02:05:41', '2023-03-04 02:05:41'),
	(22, 2, 19, 2, '2023-03-04 02:05:42', '2023-03-06 05:47:43'),
	(23, 2, 18, 1, '2023-03-04 02:05:42', '2023-03-10 03:44:42'),
	(24, 2, 17, 2, '2023-03-04 02:05:51', '2023-03-04 08:54:43'),
	(25, 2, 15, 2, '2023-03-04 02:05:52', '2023-03-10 01:03:15'),
	(26, 2, 14, 1, '2023-03-04 02:05:52', '2023-03-08 01:43:45'),
	(27, 2, 12, 0, '2023-03-04 02:05:59', '2023-03-09 06:35:43'),
	(28, 2, 7, 1, '2023-03-04 02:06:01', '2023-03-09 03:15:32'),
	(29, 2, 5, 0, '2023-03-04 02:06:02', '2023-03-09 03:15:31'),
	(30, 2, 4, 2, '2023-03-04 02:06:05', '2023-03-07 10:57:02'),
	(31, 4, 35, 1, '2023-03-04 02:06:40', '2023-03-04 02:06:40'),
	(32, 4, 34, 1, '2023-03-04 02:06:40', '2023-03-04 02:06:40'),
	(33, 4, 33, 1, '2023-03-04 02:06:41', '2023-03-04 02:06:41'),
	(34, 4, 32, 1, '2023-03-04 02:06:41', '2023-03-04 02:06:41'),
	(35, 4, 31, 1, '2023-03-04 02:06:42', '2023-03-04 02:06:42'),
	(36, 4, 30, 1, '2023-03-04 02:06:42', '2023-03-04 02:06:42'),
	(37, 4, 29, 1, '2023-03-04 02:06:43', '2023-03-04 02:06:43'),
	(38, 4, 28, 1, '2023-03-04 02:06:44', '2023-03-04 02:06:44'),
	(39, 4, 27, 1, '2023-03-04 02:06:44', '2023-03-04 02:06:44'),
	(40, 4, 26, 1, '2023-03-04 02:06:45', '2023-03-04 02:06:45'),
	(41, 4, 25, 1, '2023-03-04 02:06:45', '2023-03-04 02:06:45'),
	(42, 4, 24, 1, '2023-03-04 02:06:46', '2023-03-04 02:06:46'),
	(43, 4, 23, 1, '2023-03-04 02:06:46', '2023-03-04 02:06:46'),
	(44, 4, 22, 1, '2023-03-04 02:06:47', '2023-03-04 02:06:47'),
	(45, 4, 21, 1, '2023-03-04 02:06:53', '2023-03-04 02:06:53'),
	(46, 4, 20, 1, '2023-03-04 02:06:53', '2023-03-04 02:06:53'),
	(47, 4, 19, 1, '2023-03-04 02:06:54', '2023-03-04 02:06:54'),
	(48, 4, 18, 1, '2023-03-04 02:06:55', '2023-03-04 02:06:55'),
	(49, 4, 17, 1, '2023-03-04 02:07:02', '2023-03-04 02:07:02'),
	(50, 4, 16, 1, '2023-03-04 02:07:03', '2023-03-04 02:07:03'),
	(51, 4, 15, 1, '2023-03-04 02:07:03', '2023-03-04 02:07:03'),
	(52, 4, 14, 1, '2023-03-04 02:07:04', '2023-03-04 02:07:04'),
	(53, 4, 11, 1, '2023-03-04 02:07:12', '2023-03-04 02:07:12'),
	(54, 4, 10, 1, '2023-03-04 02:07:13', '2023-03-04 02:07:13'),
	(55, 4, 5, 1, '2023-03-04 02:07:19', '2023-03-04 02:07:19'),
	(56, 4, 4, 1, '2023-03-04 02:07:20', '2023-03-04 02:07:20'),
	(57, 4, 3, 1, '2023-03-04 02:07:21', '2023-03-04 02:07:21'),
	(58, 1, 35, 2, '2023-03-04 02:11:52', '2023-03-04 02:11:53'),
	(59, 1, 34, 2, '2023-03-04 02:11:54', '2023-03-04 02:11:55'),
	(60, 1, 33, 2, '2023-03-04 02:11:55', '2023-03-04 02:11:55'),
	(61, 1, 32, 2, '2023-03-04 02:11:56', '2023-03-04 03:31:55'),
	(62, 1, 31, 2, '2023-03-04 02:11:57', '2023-03-04 02:11:57'),
	(63, 1, 30, 2, '2023-03-04 02:11:58', '2023-03-04 02:11:58'),
	(64, 1, 29, 2, '2023-03-04 02:11:59', '2023-03-04 02:11:59'),
	(65, 1, 28, 2, '2023-03-04 02:12:07', '2023-03-04 02:12:07'),
	(66, 1, 27, 2, '2023-03-04 02:12:08', '2023-03-04 02:12:08'),
	(67, 1, 26, 2, '2023-03-04 02:12:10', '2023-03-04 02:14:38'),
	(68, 1, 25, 2, '2023-03-04 02:12:10', '2023-03-04 23:14:41'),
	(69, 1, 24, 2, '2023-03-04 02:12:11', '2023-03-04 11:08:08'),
	(70, 1, 23, 2, '2023-03-04 02:12:11', '2023-03-04 02:12:12'),
	(71, 1, 22, 2, '2023-03-04 02:12:12', '2023-03-04 02:12:13'),
	(72, 1, 21, 2, '2023-03-04 02:12:17', '2023-03-04 02:12:17'),
	(73, 1, 20, 2, '2023-03-04 02:12:18', '2023-03-04 02:12:19'),
	(74, 1, 19, 2, '2023-03-04 02:12:19', '2023-03-06 12:47:08'),
	(75, 1, 18, 2, '2023-03-04 02:12:19', '2023-03-09 22:59:21'),
	(76, 1, 17, 2, '2023-03-04 02:12:24', '2023-03-04 02:12:25'),
	(77, 1, 16, 1, '2023-03-04 02:12:25', '2023-03-06 23:57:11'),
	(78, 1, 15, 1, '2023-03-04 02:12:28', '2023-03-09 04:50:19'),
	(79, 1, 14, 1, '2023-03-04 02:12:29', '2023-03-09 04:50:20'),
	(80, 1, 12, 2, '2023-03-04 02:12:33', '2023-03-08 11:13:12'),
	(81, 1, 10, 2, '2023-03-04 02:12:34', '2023-03-09 04:50:23'),
	(82, 1, 8, 2, '2023-03-04 02:12:38', '2023-03-04 11:07:59'),
	(83, 1, 6, 1, '2023-03-04 02:12:43', '2023-03-04 02:12:43'),
	(84, 1, 4, 2, '2023-03-04 02:12:44', '2023-03-07 10:58:21'),
	(85, 1, 2, 2, '2023-03-04 02:12:46', '2023-03-06 05:20:23'),
	(86, 3, 1, 2, '2023-03-04 02:23:35', '2023-03-09 01:32:04'),
	(87, 3, 2, 1, '2023-03-04 02:23:36', '2023-03-09 01:32:05'),
	(88, 3, 3, 0, '2023-03-04 02:23:38', '2023-03-09 01:32:16'),
	(89, 3, 4, 3, '2023-03-04 02:23:41', '2023-03-05 02:57:40'),
	(90, 3, 5, 0, '2023-03-04 02:23:45', '2023-03-09 01:32:08'),
	(91, 3, 6, 2, '2023-03-04 02:23:48', '2023-03-09 01:32:08'),
	(92, 3, 7, 1, '2023-03-04 02:23:49', '2023-03-09 01:32:10'),
	(93, 3, 8, 3, '2023-03-04 02:23:50', '2023-03-04 02:23:51'),
	(94, 3, 9, 1, '2023-03-04 02:23:58', '2023-03-06 03:29:28'),
	(95, 3, 10, 3, '2023-03-04 02:24:00', '2023-03-04 02:24:00'),
	(96, 3, 11, 3, '2023-03-04 02:24:01', '2023-03-04 02:24:01'),
	(97, 3, 12, 3, '2023-03-04 02:24:02', '2023-03-04 02:24:03'),
	(98, 3, 13, 2, '2023-03-04 02:24:04', '2023-03-08 11:20:53'),
	(99, 3, 14, 3, '2023-03-04 02:24:05', '2023-03-08 23:59:56'),
	(100, 3, 15, 3, '2023-03-04 02:24:07', '2023-03-06 01:34:16'),
	(101, 3, 16, 1, '2023-03-04 02:24:08', '2023-03-08 00:11:40'),
	(102, 3, 17, 3, '2023-03-04 02:24:09', '2023-03-09 06:11:39'),
	(103, 3, 18, 3, '2023-03-04 02:24:14', '2023-03-09 14:03:25'),
	(104, 3, 19, 3, '2023-03-04 02:24:15', '2023-03-04 02:24:16'),
	(105, 3, 20, 3, '2023-03-04 02:24:16', '2023-03-04 02:24:17'),
	(106, 3, 21, 3, '2023-03-04 02:24:17', '2023-03-04 02:24:18'),
	(107, 3, 22, 3, '2023-03-04 02:24:24', '2023-03-04 02:24:25'),
	(108, 3, 23, 3, '2023-03-04 02:24:25', '2023-03-04 02:24:26'),
	(109, 3, 24, 3, '2023-03-04 02:24:26', '2023-03-09 08:11:18'),
	(110, 3, 25, 3, '2023-03-04 02:24:27', '2023-03-04 02:24:28'),
	(111, 3, 26, 3, '2023-03-04 02:24:28', '2023-03-04 02:24:29'),
	(112, 3, 27, 3, '2023-03-04 02:24:29', '2023-03-04 02:24:30'),
	(113, 3, 28, 3, '2023-03-04 02:24:31', '2023-03-04 02:24:31'),
	(114, 3, 29, 3, '2023-03-04 02:24:32', '2023-03-04 02:24:33'),
	(115, 3, 30, 3, '2023-03-04 02:24:33', '2023-03-04 02:24:34'),
	(116, 3, 31, 3, '2023-03-04 02:24:34', '2023-03-04 02:24:35'),
	(117, 3, 32, 3, '2023-03-04 02:24:36', '2023-03-04 02:24:37'),
	(118, 3, 33, 3, '2023-03-04 02:24:37', '2023-03-04 02:24:38'),
	(119, 3, 34, 3, '2023-03-04 02:24:38', '2023-03-04 02:24:39'),
	(120, 3, 35, 3, '2023-03-04 02:24:39', '2023-03-04 02:24:40'),
	(121, 5, 35, 1, '2023-03-04 03:09:28', '2023-03-04 03:09:28'),
	(122, 5, 34, 1, '2023-03-04 03:09:29', '2023-03-04 03:09:29'),
	(123, 5, 33, 1, '2023-03-04 03:09:30', '2023-03-04 03:09:30'),
	(124, 5, 32, 1, '2023-03-04 03:09:30', '2023-03-04 03:09:30'),
	(125, 5, 31, 1, '2023-03-04 03:09:31', '2023-03-04 03:09:31'),
	(126, 5, 30, 1, '2023-03-04 03:09:31', '2023-03-04 03:09:31'),
	(127, 5, 29, 1, '2023-03-04 03:09:32', '2023-03-04 03:09:32'),
	(128, 5, 28, 1, '2023-03-04 03:09:37', '2023-03-04 03:09:37'),
	(129, 5, 27, 1, '2023-03-04 03:09:38', '2023-03-04 03:09:38'),
	(130, 5, 26, 1, '2023-03-04 03:09:38', '2023-03-04 03:09:38'),
	(131, 5, 25, 1, '2023-03-04 03:09:38', '2023-03-04 03:09:38'),
	(132, 5, 24, 1, '2023-03-04 03:09:39', '2023-03-04 03:09:39'),
	(133, 5, 23, 1, '2023-03-04 03:09:39', '2023-03-04 03:09:39'),
	(134, 5, 22, 1, '2023-03-04 03:09:40', '2023-03-04 03:09:40'),
	(135, 5, 21, 1, '2023-03-04 03:09:44', '2023-03-04 03:09:44'),
	(136, 5, 20, 1, '2023-03-04 03:09:44', '2023-03-04 03:09:44'),
	(137, 5, 19, 1, '2023-03-04 03:09:44', '2023-03-04 03:09:44'),
	(138, 5, 18, 1, '2023-03-04 03:09:45', '2023-03-04 03:09:45'),
	(139, 5, 17, 1, '2023-03-04 03:09:48', '2023-03-04 03:09:48'),
	(140, 5, 15, 1, '2023-03-04 03:09:49', '2023-03-04 03:09:49'),
	(141, 5, 14, 1, '2023-03-04 03:09:50', '2023-03-04 03:09:50'),
	(142, 7, 35, 1, '2023-03-04 03:10:15', '2023-03-04 03:10:15'),
	(143, 7, 34, 1, '2023-03-04 03:10:16', '2023-03-04 03:35:45'),
	(144, 7, 33, 1, '2023-03-04 03:10:17', '2023-03-04 03:10:17'),
	(145, 7, 32, 1, '2023-03-04 03:10:19', '2023-03-04 03:10:19'),
	(146, 7, 31, 1, '2023-03-04 03:10:20', '2023-03-04 03:10:20'),
	(147, 7, 30, 1, '2023-03-04 03:10:20', '2023-03-04 03:10:20'),
	(148, 7, 29, 1, '2023-03-04 03:10:21', '2023-03-04 03:10:21'),
	(149, 7, 28, 1, '2023-03-04 03:10:25', '2023-03-04 03:10:25'),
	(150, 7, 27, 1, '2023-03-04 03:10:26', '2023-03-04 03:10:26'),
	(151, 7, 26, 1, '2023-03-04 03:10:26', '2023-03-04 03:10:26'),
	(152, 7, 24, 1, '2023-03-04 03:10:27', '2023-03-04 03:10:27'),
	(153, 7, 23, 1, '2023-03-04 03:10:27', '2023-03-04 03:10:27'),
	(154, 7, 22, 1, '2023-03-04 03:10:28', '2023-03-04 03:10:28'),
	(155, 7, 18, 1, '2023-03-04 03:10:31', '2023-03-04 03:10:31'),
	(156, 7, 19, 1, '2023-03-04 03:10:31', '2023-03-04 03:10:31'),
	(157, 7, 20, 1, '2023-03-04 03:10:31', '2023-03-04 03:10:31'),
	(158, 7, 21, 1, '2023-03-04 03:10:32', '2023-03-04 03:10:32'),
	(159, 7, 17, 1, '2023-03-04 03:10:36', '2023-03-04 03:10:36'),
	(160, 7, 15, 1, '2023-03-04 03:10:38', '2023-03-04 03:10:38'),
	(161, 7, 14, 1, '2023-03-04 03:10:39', '2023-03-04 03:10:39'),
	(162, 7, 13, 0, '2023-03-04 03:10:39', '2023-03-08 11:09:48'),
	(163, 7, 8, 1, '2023-03-04 03:10:43', '2023-03-04 03:10:43'),
	(164, 7, 6, 1, '2023-03-04 03:10:44', '2023-03-04 03:10:44'),
	(165, 7, 4, 1, '2023-03-04 03:10:46', '2023-03-04 03:10:46'),
	(166, 7, 25, 1, '2023-03-04 03:10:58', '2023-03-04 03:10:58'),
	(167, 6, 35, 1, '2023-03-04 03:24:35', '2023-03-04 03:24:35'),
	(168, 6, 34, 1, '2023-03-04 03:24:35', '2023-03-04 03:24:35'),
	(169, 6, 33, 1, '2023-03-04 03:24:36', '2023-03-04 03:24:36'),
	(170, 6, 32, 1, '2023-03-04 03:24:36', '2023-03-04 03:24:36'),
	(171, 6, 31, 1, '2023-03-04 03:24:36', '2023-03-04 03:24:36'),
	(172, 6, 30, 1, '2023-03-04 03:24:37', '2023-03-04 03:24:37'),
	(173, 6, 29, 1, '2023-03-04 03:24:37', '2023-03-04 03:24:37'),
	(174, 6, 28, 1, '2023-03-04 03:24:42', '2023-03-04 03:24:42'),
	(175, 6, 27, 1, '2023-03-04 03:24:42', '2023-03-04 03:24:42'),
	(176, 6, 26, 1, '2023-03-04 03:24:43', '2023-03-04 03:24:43'),
	(177, 6, 25, 1, '2023-03-04 03:24:43', '2023-03-04 03:24:43'),
	(178, 6, 24, 1, '2023-03-04 03:24:43', '2023-03-04 03:24:43'),
	(179, 6, 23, 1, '2023-03-04 03:24:44', '2023-03-04 03:24:44'),
	(180, 6, 22, 1, '2023-03-04 03:24:45', '2023-03-04 03:24:45'),
	(181, 6, 21, 1, '2023-03-04 03:24:50', '2023-03-04 03:24:50'),
	(182, 6, 20, 1, '2023-03-04 03:24:50', '2023-03-04 03:24:50'),
	(183, 6, 19, 1, '2023-03-04 03:24:51', '2023-03-04 03:24:51'),
	(184, 6, 18, 1, '2023-03-04 03:24:51', '2023-03-04 03:24:51'),
	(185, 6, 17, 1, '2023-03-04 03:24:54', '2023-03-04 03:24:54'),
	(186, 6, 15, 1, '2023-03-04 03:24:56', '2023-03-04 03:24:56'),
	(187, 6, 14, 1, '2023-03-04 03:24:57', '2023-03-04 03:24:57'),
	(188, 6, 8, 1, '2023-03-04 03:24:59', '2023-03-04 03:24:59'),
	(189, 6, 11, 1, '2023-03-04 03:25:28', '2023-03-04 03:25:28'),
	(190, 2, 6, 1, '2023-03-04 15:13:46', '2023-03-10 03:44:07'),
	(191, 2, 10, 2, '2023-03-04 16:16:08', '2023-03-08 01:43:43'),
	(192, 2, 13, 2, '2023-03-04 16:16:09', '2023-03-08 12:33:27'),
	(193, 1, 7, 1, '2023-03-05 00:13:27', '2023-03-05 14:24:06'),
	(194, 2, 8, 1, '2023-03-05 07:19:02', '2023-03-05 07:19:02'),
	(195, 2, 2, 1, '2023-03-05 11:23:48', '2023-03-09 03:15:29'),
	(196, 2, 16, 2, '2023-03-05 23:51:56', '2023-03-09 07:14:22'),
	(197, 1, 5, 0, '2023-03-06 05:18:28', '2023-03-06 05:20:25'),
	(198, 2, 9, 0, '2023-03-06 05:39:43', '2023-03-09 06:35:42'),
	(199, 1, 13, 2, '2023-03-06 23:57:10', '2023-03-09 04:50:24'),
	(200, 1, 11, 0, '2023-03-08 01:39:54', '2023-03-08 11:13:11'),
	(201, 2, 11, 1, '2023-03-08 01:43:43', '2023-03-08 01:43:43'),
	(202, 7, 10, 1, '2023-03-08 11:09:49', '2023-03-08 11:09:49'),
	(203, 2, 1, 2, '2023-03-09 03:15:34', '2023-03-09 06:35:40'),
	(204, 6, 4, 1, '2023-03-10 14:19:35', '2023-03-10 14:19:35');
/*!40000 ALTER TABLE `inventories` ENABLE KEYS */;

-- Dumping structure for table blox.migrations
CREATE TABLE IF NOT EXISTS `migrations` (
  `id` int(10) unsigned NOT NULL AUTO_INCREMENT,
  `migration` varchar(255) COLLATE utf8mb4_unicode_ci NOT NULL,
  `batch` int(11) NOT NULL,
  PRIMARY KEY (`id`)
) ENGINE=InnoDB AUTO_INCREMENT=5 DEFAULT CHARSET=utf8mb4 COLLATE=utf8mb4_unicode_ci;

-- Dumping data for table blox.migrations: ~4 rows (approximately)
/*!40000 ALTER TABLE `migrations` DISABLE KEYS */;
INSERT INTO `migrations` (`id`, `migration`, `batch`) VALUES
	(1, '2019_12_14_000001_create_personal_access_tokens_table', 1),
	(2, '2023_02_26_231636_accounts', 1),
	(3, '2023_02_26_231649_fruits', 1),
	(4, '2023_03_03_123805_create_inventories_table', 1);
/*!40000 ALTER TABLE `migrations` ENABLE KEYS */;

-- Dumping structure for table blox.personal_access_tokens
CREATE TABLE IF NOT EXISTS `personal_access_tokens` (
  `id` bigint(20) unsigned NOT NULL AUTO_INCREMENT,
  `tokenable_type` varchar(255) COLLATE utf8mb4_unicode_ci NOT NULL,
  `tokenable_id` bigint(20) unsigned NOT NULL,
  `name` varchar(255) COLLATE utf8mb4_unicode_ci NOT NULL,
  `token` varchar(64) COLLATE utf8mb4_unicode_ci NOT NULL,
  `abilities` text COLLATE utf8mb4_unicode_ci DEFAULT NULL,
  `last_used_at` timestamp NULL DEFAULT NULL,
  `created_at` timestamp NULL DEFAULT NULL,
  `updated_at` timestamp NULL DEFAULT NULL,
  PRIMARY KEY (`id`),
  UNIQUE KEY `personal_access_tokens_token_unique` (`token`),
  KEY `personal_access_tokens_tokenable_type_tokenable_id_index` (`tokenable_type`,`tokenable_id`)
) ENGINE=InnoDB DEFAULT CHARSET=utf8mb4 COLLATE=utf8mb4_unicode_ci;

-- Dumping data for table blox.personal_access_tokens: ~0 rows (approximately)
/*!40000 ALTER TABLE `personal_access_tokens` DISABLE KEYS */;
/*!40000 ALTER TABLE `personal_access_tokens` ENABLE KEYS */;

/*!40101 SET SQL_MODE=IFNULL(@OLD_SQL_MODE, '') */;
/*!40014 SET FOREIGN_KEY_CHECKS=IFNULL(@OLD_FOREIGN_KEY_CHECKS, 1) */;
/*!40101 SET CHARACTER_SET_CLIENT=@OLD_CHARACTER_SET_CLIENT */;
/*!40111 SET SQL_NOTES=IFNULL(@OLD_SQL_NOTES, 1) */;
